date,sales
2013-01-01,110.801
2013-01-02,20871.464028
2013-01-03,16597.398113
2013-01-04,21625.963055
2013-01-05,20879.09105
2013-01-06,21880.005115
2013-01-07,18314.175078
2013-01-08,16200.319985
2013-01-09,19139.782952
2013-01-10,15144.950044000001
2013-01-11,20400.72507
2013-01-12,19029.047018
2013-01-13,20346.38496
2013-01-14,15157.171045000001
2013-01-15,21466.086959
2013-01-16,16758.84696
2013-01-17,15596.239996
2013-01-18,20140.309014
2013-01-19,19438.808995
2013-01-20,19616.94404
2013-01-21,14964.11804
2013-01-22,14906.88098
2013-01-23,14830.374015
2013-01-24,14439.947
2013-01-25,18415.62099
2013-01-26,19899.224978
2013-01-27,19056.240144
2013-01-28,14206.666006
2013-01-29,14320.175069
2013-01-30,13814.120049
2013-01-31,15586.90201
2013-02-01,22128.331272
2013-02-02,23947.553056
2013-02-03,20703.611134
2013-02-04,18700.978049
2013-02-05,15899.33105
2013-02-06,18319.306128
2013-02-07,15303.384936
2013-02-08,18571.688984
2013-02-09,20139.729021
2013-02-10,12895.585014
2013-02-11,12922.622
2013-02-12,14062.627998
2013-02-13,14384.17898
2013-02-14,15119.58001
2013-02-15,18597.42699
2013-02-16,23078.065998000002
2013-02-17,16732.557975
2013-02-18,17019.630112
2013-02-19,15522.627967
2013-02-20,15074.818019
2013-02-21,15218.02304
2013-02-22,17697.895058
2013-02-23,19033.628008
2013-02-24,18946.185991
2013-02-25,14386.162905
2013-02-26,15373.644058
2013-02-27,16290.144955
2013-02-28,14285.640988
2013-03-01,21188.517969
2013-03-02,24000.71213
2013-03-03,22957.833016
2013-03-04,19374.249156
2013-03-05,16526.522098
2013-03-06,17772.404956
2013-03-07,15972.838015
2013-03-08,17607.649964
2013-03-09,20406.66497
2013-03-10,18953.579994
2013-03-11,15164.973
2013-03-12,13427.720031
2013-03-13,14739.408956
2013-03-14,14186.026095
2013-03-15,18044.760189
2013-03-16,20405.665965
2013-03-17,20549.189915
2013-03-18,15073.459005
2013-03-19,16344.20192
2013-03-20,14712.96397
2013-03-21,15246.18996
2013-03-22,17167.918986
2013-03-23,18677.824950000002
2013-03-24,17413.326908
2013-03-25,15029.379998
2013-03-26,11727.513949
2013-03-27,11380.131045
2013-03-28,13092.246031
2013-03-29,12440.103964
2013-03-30,17847.59199
2013-03-31,18101.773992
2013-04-01,20948.115934
2013-04-02,17594.184936
2013-04-03,17686.411864
2013-04-04,15746.31298
2013-04-05,20537.613997
2013-04-06,23106.060999
2013-04-07,20998.976934
2013-04-08,14505.46699
2013-04-09,16580.308984
2013-04-10,14642.17799
2013-04-11,15014.20803
2013-04-12,17962.606974
2013-04-13,18232.883039
2013-04-14,18499.07499
2013-04-15,15273.94901
2013-04-16,16476.334996
2013-04-17,16576.570968
2013-04-18,14731.399966
2013-04-19,18017.591975
2013-04-20,19941.431024999998
2013-04-21,19526.803
2013-04-22,15155.86497
2013-04-23,15099.199994
2013-04-24,16448.004954
2013-04-25,14354.508025
2013-04-26,18678.605903
2013-04-27,17957.89596
2013-04-28,18906.985956
2013-04-29,15102.675018
2013-04-30,16870.93394
2013-05-01,21064.793944
2013-05-02,18399.034
2013-05-03,21085.02202
2013-05-04,21334.01095
2013-05-05,21989.97404
2013-05-06,17868.49203
2013-05-07,15465.032054
2013-05-08,14854.31599
2013-05-09,14965.96999
2013-05-10,18891.910986
2013-05-11,20946.813036
2013-05-12,14246.843015
2013-05-13,14982.695892
2013-05-14,15192.99811
2013-05-15,15878.294013
2013-05-16,16373.41692
2013-05-17,18402.037025999998
2013-05-18,20054.220047
2013-05-19,19029.091064
2013-05-20,15194.085962
2013-05-21,16634.306991
2013-05-22,14148.871135
2013-05-23,15568.928996
2013-05-24,20833.986014
2013-05-25,20575.82004
2013-05-26,18444.917024000002
2013-05-27,15323.403909999999
2013-05-28,18144.991986
2013-05-29,15844.79897
2013-05-30,15420.575969
2013-05-31,20327.397022
2013-06-01,28456.422029999998
2013-06-02,25027.877
2013-06-03,19716.85903
2013-06-04,18350.871978
2013-06-05,17244.527955
2013-06-06,16004.761931000001
2013-06-07,20386.869
2013-06-08,19468.33008
2013-06-09,19857.89202
2013-06-10,15515.703981
2013-06-11,14296.131949999999
2013-06-12,15591.384975
2013-06-13,15235.783021
2013-06-14,18982.709107
2013-06-15,21373.906966
2013-06-16,17115.878977
2013-06-17,17514.45001
2013-06-18,15982.24395
2013-06-19,18820.019005
2013-06-20,15397.886974
2013-06-21,18643.978013
2013-06-22,18708.385995
2013-06-23,20284.268085
2013-06-24,16097.430008
2013-06-25,15246.809132
2013-06-26,15932.524928
2013-06-27,13827.500995
2013-06-28,18651.696832999998
2013-06-29,22032.042088000002
2013-06-30,20069.60301
2013-07-01,18875.179043
2013-07-02,18188.79202
2013-07-03,19008.51002
2013-07-04,16647.056056
2013-07-05,20404.922044
2013-07-06,20173.531998
2013-07-07,21268.51208
2013-07-08,16597.002991
2013-07-09,17324.77705
2013-07-10,16502.49207
2013-07-11,15124.387999999999
2013-07-12,18547.478124
2013-07-13,20001.033191
2013-07-14,17202.69091
2013-07-15,15758.811975999999
2013-07-16,16217.579004
2013-07-17,15099.188006
2013-07-18,16635.436044
2013-07-19,18733.355004
2013-07-20,18348.884985
2013-07-21,17698.662025
2013-07-22,15380.550024
2013-07-23,14892.461080000001
2013-07-24,15435.366030000001
2013-07-25,14918.856958
2013-07-26,17289.21802
2013-07-27,18323.36595
2013-07-28,16510.967994
2013-07-29,15244.178001
2013-07-30,16794.31901
2013-07-31,17000.667
2013-08-01,18878.77509
2013-08-02,21338.14994
2013-08-03,22819.10799
2013-08-04,19724.747988
2013-08-05,17055.70704
2013-08-06,17785.052038
2013-08-07,15752.001019
2013-08-08,17519.860954
2013-08-09,18493.78592
2013-08-10,16991.75603
2013-08-11,16600.81602
2013-08-12,14398.46998
2013-08-13,14232.00207
2013-08-14,13762.75589
2013-08-15,15297.360964
2013-08-16,19687.681905
2013-08-17,19710.97398
2013-08-18,17839.799978
2013-08-19,15526.755026
2013-08-20,15424.904977
2013-08-21,15136.813963
2013-08-22,16879.805022
2013-08-23,19197.552086
2013-08-24,17649.413992
2013-08-25,18121.178786
2013-08-26,16495.74098
2013-08-27,16818.050015
2013-08-28,15532.881005
2013-08-29,17304.387974
2013-08-30,20090.725013
2013-08-31,21043.245964
2013-09-01,24044.333966
2013-09-02,20541.205008
2013-09-03,17928.741994
2013-09-04,18453.157892
2013-09-05,17044.20206
2013-09-06,21303.486904
2013-09-07,21441.566013
2013-09-08,21016.117016
2013-09-09,16550.219977
2013-09-10,14547.480964
2013-09-11,15232.932896
2013-09-12,16376.136891
2013-09-13,19439.364035
2013-09-14,21650.703994
2013-09-15,20618.779014
2013-09-16,16566.301962
2013-09-17,18191.027955
2013-09-18,15022.041948
2013-09-19,15529.30907
2013-09-20,19698.00605
2013-09-21,19921.992903
2013-09-22,18994.90601
2013-09-23,15816.31297
2013-09-24,16000.94694
2013-09-25,14312.10897
2013-09-26,16198.730864
2013-09-27,18852.070989
2013-09-28,20208.026954
2013-09-29,20649.22999
2013-09-30,16409.310958
2013-10-01,19803.362016
2013-10-02,18815.119995
2013-10-03,20490.72708
2013-10-04,22732.34701
2013-10-05,22155.53698
2013-10-06,22511.28006
2013-10-07,15686.24105
2013-10-08,16021.45997
2013-10-09,17056.205979
2013-10-10,18248.646046
2013-10-11,21387.856001
2013-10-12,18822.842975
2013-10-13,18535.335002
2013-10-14,15814.31098
2013-10-15,16104.436
2013-10-16,17111.546971
2013-10-17,16633.30794
2013-10-18,20357.960021
2013-10-19,21379.789016
2013-10-20,21803.965038
2013-10-21,15373.372005
2013-10-22,16164.208054
2013-10-23,18469.221995
2013-10-24,15626.58699
2013-10-25,20889.95398
2013-10-26,19793.213877000002
2013-10-27,20482.223986
2013-10-28,18261.320942
2013-10-29,15353.60099
2013-10-30,14522.070986
2013-10-31,16070.309015
2013-11-01,22749.323046
2013-11-02,21946.56099
2013-11-03,23282.28497
2013-11-04,18845.13507
2013-11-05,19305.96996
2013-11-06,16128.56094
2013-11-07,18274.506082
2013-11-08,21106.922034
2013-11-09,19806.545984
2013-11-10,22157.07704
2013-11-11,18880.365061
2013-11-12,14224.94802
2013-11-13,15261.04996
2013-11-14,14342.52999
2013-11-15,19403.221978
2013-11-16,19974.664015
2013-11-17,21310.462001
2013-11-18,20023.146022
2013-11-19,14920.881002
2013-11-20,16808.51382
2013-11-21,14653.522006
2013-11-22,19435.884998
2013-11-23,19211.551946
2013-11-24,20667.770128
2013-11-25,16642.821997
2013-11-26,15571.096
2013-11-27,14013.44401
2013-11-28,15395.414005
2013-11-29,19418.192044
2013-11-30,20540.249908
2013-12-01,24265.92999
2013-12-02,18870.48498
2013-12-03,18005.06099
2013-12-04,15734.91198
2013-12-05,16423.913996
2013-12-06,21079.01601
2013-12-07,22049.152885
2013-12-08,20651.700954
2013-12-09,16767.425033
2013-12-10,16208.379962
2013-12-11,15587.374004
2013-12-12,14416.034953
2013-12-13,20712.179973
2013-12-14,19269.329958000002
2013-12-15,20710.732985
2013-12-16,17780.56508
2013-12-17,16648.826002
2013-12-18,16309.349011
2013-12-19,16951.566996
2013-12-20,18051.64801
2013-12-21,18237.015968
2013-12-22,19642.391
2013-12-23,21717.93492
2013-12-24,15225.998985
2013-12-26,18600.214167
2013-12-27,20448.100022
2013-12-28,18570.781941
2013-12-29,17502.80295
2013-12-30,19620.856894
2013-12-31,14688.788952
2014-01-01,160.15699999999998
2014-01-02,22638.66896
2014-01-03,21844.179919000002
2014-01-04,20992.58384
2014-01-05,14491.458
2014-01-06,9405.404009
2014-01-07,12234.52503
2014-01-08,14573.981027
2014-01-09,14578.120462
2014-01-10,19006.105551
2014-01-11,18356.032832
2014-01-12,17582.094934
2014-01-13,12867.852028
2014-01-14,15337.186009000001
2014-01-15,14987.967961
2014-01-16,16345.380097
2014-01-17,20495.34783
2014-01-18,19913.986005
2014-01-19,18248.908116
2014-01-20,13485.701
2014-01-21,15104.921984
2014-01-22,14311.029008
2014-01-23,15396.895738000001
2014-01-24,19517.445815
2014-01-25,18285.729005
2014-01-26,18432.592952
2014-01-27,13560.089001
2014-01-28,13137.904919999999
2014-01-29,12908.370028
2014-01-30,13204.857023
2014-01-31,18870.904128000002
2014-02-01,21080.46802
2014-02-02,18867.258096
2014-02-03,13872.913926000001
2014-02-04,15425.253955
2014-02-05,15373.603971
2014-02-06,14868.563
2014-02-07,18831.674024
2014-02-08,18690.79097
2014-02-09,16945.311019
2014-02-10,13798.609046
2014-02-11,14430.991
2014-02-12,14882.267967
2014-02-13,14793.541695
2014-02-14,18305.81158
2014-02-15,19765.676931
2014-02-16,19527.286
2014-02-17,16855.00796
2014-02-18,15642.25595
2014-02-19,14649.857998
2014-02-20,14534.6451
2014-02-21,21485.485199
2014-02-22,22178.166044
2014-02-23,18860.75089
2014-02-24,16208.63105
2014-02-25,14775.326042
2014-02-26,14236.87198
2014-02-27,13669.952867
2014-02-28,20377.469121
2014-03-01,22432.974001
2014-03-02,17531.63998
2014-03-03,16593.45295
2014-03-04,18726.591992
2014-03-05,17938.62395
2014-03-06,18409.20788
2014-03-07,20761.422691
2014-03-08,19950.690965
2014-03-09,22034.91997
2014-03-10,15998.822102
2014-03-11,15318.915989000001
2014-03-12,14688.281002
2014-03-13,15185.263956
2014-03-14,20243.843184
2014-03-15,19222.740996
2014-03-16,22006.152946000002
2014-03-17,16907.63997
2014-03-18,14549.273995
2014-03-19,15124.318985
2014-03-20,15315.238916
2014-03-21,20117.787982
2014-03-22,19472.007986
2014-03-23,20580.889135
2014-03-24,16055.57895
2014-03-25,13759.65795
2014-03-26,14801.351005
2014-03-27,14029.817228
2014-03-28,20710.24838
2014-03-29,20302.119882
2014-03-30,20937.736191
2014-03-31,17723.65491
2014-04-01,18903.887982
2014-04-02,18406.135092
2014-04-03,16227.38043
2014-04-04,22534.385375
2014-04-05,22752.249069999998
2014-04-06,21415.033938
2014-04-07,17204.566994
2014-04-08,14689.37501
2014-04-09,14268.96199
2014-04-10,13880.31746
2014-04-11,18986.036505
2014-04-12,18197.66803
2014-04-13,17011.451035
2014-04-14,13635.973006
2014-04-15,12426.71101
2014-04-16,12205.81998
2014-04-17,11620.44622
2014-04-18,12306.303764
2014-04-19,16962.921036
2014-04-20,17234.45797
2014-04-21,15838.53101
2014-04-22,14304.645986
2014-04-23,14829.584001
2014-04-24,14194.646420000001
2014-04-25,19917.917591
2014-04-26,18166.182956
2014-04-27,19264.32501
2014-04-28,14524.01402
2014-04-29,13699.389016
2014-04-30,14621.733976
2014-05-01,21562.077495999998
2014-05-02,25417.610285
2014-05-03,23009.862901
2014-05-04,22620.887855
2014-05-05,16733.85997
2014-05-06,14984.70398
2014-05-07,16063.147956
2014-05-08,14630.884653000001
2014-05-09,21237.804133999998
2014-05-10,23167.25821
2014-05-11,14513.799
2014-05-12,14885.73495
2014-05-13,14544.73601
2014-05-14,14532.887979000001
2014-05-15,14327.298573
2014-05-16,20383.857767
2014-05-17,18506.518071
2014-05-18,21141.67795
2014-05-19,14800.923982
2014-05-20,13889.679015
2014-05-21,14264.959022000001
2014-05-22,14230.37732
2014-05-23,19582.039386
2014-05-24,19591.138906
2014-05-25,20130.35703
2014-05-26,14222.368046
2014-05-27,13442.424019
2014-05-28,13954.406044
2014-05-29,14186.152448
2014-05-30,21093.691686
2014-05-31,21938.307974
2014-06-01,25434.56808
2014-06-02,18932.312982
2014-06-03,17467.38897
2014-06-04,16881.05894
2014-06-05,16385.04526
2014-06-06,23139.182721999998
2014-06-07,20785.97498
2014-06-08,21397.27792
2014-06-09,16172.14002
2014-06-10,14042.104956
2014-06-11,15423.752075
2014-06-12,15001.225384
2014-06-13,24264.288925
2014-06-14,24307.153914
2014-06-15,16656.43297
2014-06-16,18089.707004
2014-06-17,16682.49004
2014-06-18,14947.82804
2014-06-19,16596.758007
2014-06-20,23100.885627
2014-06-21,20300.7661
2014-06-22,20925.933022
2014-06-23,15032.916932
2014-06-24,14129.523000000001
2014-06-25,14311.180035
2014-06-26,14077.193006
2014-06-27,23136.459754
2014-06-28,19054.031
2014-06-29,19338.725994
2014-06-30,16036.660134
2014-07-01,18531.64993
2014-07-02,19186.5529
2014-07-03,17407.11882
2014-07-04,22415.33989
2014-07-05,20456.085035
2014-07-06,21521.181881
2014-07-07,17148.055028
2014-07-08,14715.76201
2014-07-09,14745.731971
2014-07-10,15225.430036
2014-07-11,21123.683308
2014-07-12,20055.89201
2014-07-13,18437.081977
2014-07-14,14253.059992
2014-07-15,14962.871002
2014-07-16,15978.559034
2014-07-17,15570.28802
2014-07-18,22207.804072
2014-07-19,18989.22912
2014-07-20,18184.212006
2014-07-21,16080.096965
2014-07-22,13576.261006
2014-07-23,15384.774048
2014-07-24,15065.107996
2014-07-25,22175.161002
2014-07-26,18155.436997
2014-07-27,18031.55496
2014-07-28,14900.288011
2014-07-29,14195.846961
2014-07-30,13705.200997
2014-07-31,16612.893044
2014-08-01,25606.70501
2014-08-02,23381.59402
2014-08-03,22632.96899
2014-08-04,16555.107993999998
2014-08-05,15733.918034
2014-08-06,16884.578978
2014-08-07,16040.715979999999
2014-08-08,22721.74297
2014-08-09,17867.22891
2014-08-10,17567.59801
2014-08-11,15176.836007
2014-08-12,13395.55806
2014-08-13,15408.435991999999
2014-08-14,15497.350014
2014-08-15,23154.040016
2014-08-16,19557.050052
2014-08-17,19664.918976
2014-08-18,16785.68991
2014-08-19,14973.375992
2014-08-20,15955.985
2014-08-21,15353.10898
2014-08-22,22225.113374
2014-08-23,18129.310025
2014-08-24,19379.780981
2014-08-25,15550.534
2014-08-26,14698.52399
2014-08-27,14477.729036
2014-08-28,14884.674
2014-08-29,21923.328
2014-08-30,20065.15083
2014-08-31,22367.207
2014-09-01,22493.806004
2014-09-02,18584.347012
2014-09-03,18517.75999
2014-09-04,17947.699156
2014-09-05,24410.665810000002
2014-09-06,22890.04407
2014-09-07,23846.312108
2014-09-08,17196.45104
2014-09-09,15297.758006
2014-09-10,16357.64803
2014-09-11,15061.98501
2014-09-12,21294.217879
2014-09-13,19095.007985
2014-09-14,20533.10311
2014-09-15,15914.412978
2014-09-16,16215.505
2014-09-17,16382.603144
2014-09-18,15922.070026
2014-09-19,22216.912855
2014-09-20,21528.88301
2014-09-21,21510.87495
2014-09-22,15442.412966
2014-09-23,15267.737954
2014-09-24,15402.99899
2014-09-25,14617.636046
2014-09-26,20138.903022
2014-09-27,19583.331063999998
2014-09-28,21433.89887
2014-09-29,15405.570975
2014-09-30,15882.324996
2014-10-01,20108.36199
2014-10-02,18923.412028
2014-10-03,25427.793966
2014-10-04,23475.11982
2014-10-05,23364.41999
2014-10-06,15706.011048
2014-10-07,15465.933019
2014-10-08,15262.587043
2014-10-09,15828.867056000001
2014-10-10,24134.965981
2014-10-11,18938.39304
2014-10-12,20129.22788
2014-10-13,15978.201968
2014-10-14,15200.649965999999
2014-10-15,15668.11496
2014-10-16,17520.886
2014-10-17,21537.37705
2014-10-18,20698.655014
2014-10-19,22567.404006
2014-10-20,16504.878912
2014-10-21,15017.940988
2014-10-22,15151.90303
2014-10-23,15517.359964
2014-10-24,21171.26906
2014-10-25,19344.57588
2014-10-26,21147.863989999998
2014-10-27,15126.34608
2014-10-28,14072.465945
2014-10-29,15083.149046
2014-10-30,13895.987094
2014-10-31,21386.097892
2014-11-01,22084.772857
2014-11-02,18692.857004
2014-11-03,22307.48801
2014-11-04,16609.986
2014-11-05,16532.959038
2014-11-06,16869.374
2014-11-07,21571.223989000002
2014-11-08,19665.211037
2014-11-09,19772.207014
2014-11-10,11969.502012
2014-11-11,14075.193
2014-11-12,13596.78297
2014-11-13,13830.696001
2014-11-14,19767.171
2014-11-15,19072.260022
2014-11-16,20975.191006
2014-11-17,13067.178996999999
2014-11-18,13761.551954
2014-11-19,13329.450016
2014-11-20,15272.020982
2014-11-21,19729.785994
2014-11-22,18287.18101
2014-11-23,18907.159988
2014-11-24,11207.854982
2014-11-25,12420.06599
2014-11-26,13413.792993000001
2014-11-27,12903.261037
2014-11-28,19934.3181
2014-11-29,19762.452999999998
2014-11-30,22436.41287
2014-12-01,17602.606964
2014-12-02,17010.481986
2014-12-03,16708.266004
2014-12-04,15786.640019999999
2014-12-05,21296.426991
2014-12-06,19873.66499
2014-12-07,22835.122115000002
2014-12-08,17858.377009
2014-12-09,15482.15099
2014-12-10,15146.20402
2014-12-11,14580.014999
2014-12-12,20284.958949
2014-12-13,17816.568952
2014-12-14,20052.83604
2014-12-15,16268.265969
2014-12-16,15927.252018
2014-12-17,16457.608975
2014-12-18,15857.011986
2014-12-19,20464.99698
2014-12-20,17477.111986
2014-12-21,20353.35201
2014-12-22,18753.90995
2014-12-23,18325.221906
2014-12-24,14017.62201
2014-12-26,22258.52294
2014-12-27,16897.36996
2014-12-28,15900.347962
2014-12-29,15799.152026
2014-12-30,19309.15697
2014-12-31,14764.529961
2015-01-01,479.767
2015-01-02,24370.203999
2015-01-03,21044.533846000002
2015-01-04,22198.505007
2015-01-05,16451.88092
2015-01-06,16381.03705
2015-01-07,17125.948024
2015-01-08,15969.093014
2015-01-09,21454.078029
2015-01-10,18780.874
2015-01-11,21424.822985
2015-01-12,14449.219982999999
2015-01-13,15101.28105
2015-01-14,16180.69809
2015-01-15,16153.86597
2015-01-16,21741.19896
2015-01-17,20679.41403
2015-01-18,21628.585966
2015-01-19,15341.06894
2015-01-20,14835.24209
2015-01-21,15852.058996
2015-01-22,14346.907027
2015-01-23,21776.845986
2015-01-24,19763.99702
2015-01-25,21182.361991
2015-01-26,13664.278016
2015-01-27,13218.26098
2015-01-28,14063.476974
2015-01-29,14380.75698
2015-01-30,22040.696988
2015-01-31,21036.76898
2015-02-01,25782.15001
2015-02-02,18382.446997
2015-02-03,16799.823998
2015-02-04,16644.89401
2015-02-05,16567.03402
2015-02-06,22098.786168
2015-02-07,19611.046946
2015-02-08,21425.027976
2015-02-09,16597.97401
2015-02-10,14645.42801
2015-02-11,14747.06198
2015-02-12,14736.59203
2015-02-13,21673.709991
2015-02-14,17179.268015
2015-02-15,15286.041986
2015-02-16,15113.552936
2015-02-17,16660.38603
2015-02-18,16378.880944
2015-02-19,17713.964974
2015-02-20,22589.915982
2015-02-21,18273.647047
2015-02-22,21002.119998000002
2015-02-23,15057.44397
2015-02-24,14288.17901
2015-02-25,13626.108997
2015-02-26,14949.95795
2015-02-27,21031.651881
2015-02-28,19871.980973
2015-03-01,25721.369899999998
2015-03-02,18593.98297
2015-03-03,16960.240966
2015-03-04,16941.214115
2015-03-05,16996.032996
2015-03-06,22357.61794
2015-03-07,20487.39702
2015-03-08,20667.754035
2015-03-09,16216.851
2015-03-10,14774.276042
2015-03-11,14004.998076
2015-03-12,15323.378014
2015-03-13,20115.56312
2015-03-14,19203.32292
2015-03-15,21329.73096
2015-03-16,15984.312958
2015-03-17,15561.911945
2015-03-18,14442.658
2015-03-19,15591.45302
2015-03-20,20885.584
2015-03-21,19044.7941
2015-03-22,21015.381094
2015-03-23,16232.496038
2015-03-24,14176.964025
2015-03-25,13874.25095
2015-03-26,15009.425001
2015-03-27,20130.84197
2015-03-28,17949.533034
2015-03-29,19190.00301
2015-03-30,13900.809981999999
2015-03-31,13833.01002
2015-04-01,15994.276011
2015-04-02,14414.721003999999
2015-04-03,16546.52601
2015-04-04,20006.120869
2015-04-05,20233.801928
2015-04-06,17174.712946
2015-04-07,15963.009979999999
2015-04-08,14909.514053
2015-04-09,16425.36396
2015-04-10,22392.435032
2015-04-11,19222.237993
2015-04-12,20900.125981
2015-04-13,15064.029008
2015-04-14,15032.45697
2015-04-15,15580.299995
2015-04-16,16426.657954
2015-04-17,22305.576957999998
2015-04-18,19715.47991
2015-04-19,21501.53204
2015-04-20,16228.593954
2015-04-21,14873.26905
2015-04-22,14738.019003
2015-04-23,15340.601036
2015-04-24,21471.811977
2015-04-25,18714.728
2015-04-26,19862.50403
2015-04-27,15109.567015999999
2015-04-28,13782.985036
2015-04-29,14660.10107
2015-04-30,17713.22197
2015-05-01,27998.921961
2015-05-02,22563.79293
2015-05-03,23621.972025
2015-05-04,18326.997978
2015-05-05,17393.47901
2015-05-06,16859.342946
2015-05-07,16608.597934
2015-05-08,23632.84998
2015-05-09,21910.323906
2015-05-10,16721.14801
2015-05-11,16764.815034
2015-05-12,15077.908002
2015-05-13,14836.767
2015-05-14,15158.378963
2015-05-15,22738.50114
2015-05-16,20509.150953
2015-05-17,22461.837018
2015-05-18,16529.167933
2015-05-19,15626.950013
2015-05-20,15449.075045
2015-05-21,15211.788
2015-05-22,22636.162049
2015-05-23,19438.40494
2015-05-24,21332.98
2015-05-25,15542.067979
2015-05-26,14535.16798
2015-05-27,14118.889996
2015-05-28,15801.898971
2015-05-29,25128.141998
2015-05-30,21922.18198
2015-05-31,25234.23806
2015-06-01,19475.995998
2015-06-02,19035.098998
2015-06-03,17167.412949999998
2015-06-04,18395.83402
2015-06-05,24743.479021
2015-06-06,20994.432964
2015-06-07,23880.160789999998
2015-06-08,17642.513005
2015-06-09,16738.376032
2015-06-10,15975.94404
2015-06-11,16257.875951
2015-06-12,24672.236975
2015-06-13,19951.619056
2015-06-14,22240.826956
2015-06-15,16329.65504
2015-06-16,17152.415088
2015-06-17,16141.405015
2015-06-18,17152.75805
2015-06-19,25163.482019
2015-06-20,22351.899991
2015-06-21,17883.756966
2015-06-22,16048.908
2015-06-23,15295.313985
2015-06-24,14534.166054
2015-06-25,15165.796994
2015-06-26,21510.883121
2015-06-27,19221.381996
2015-06-28,21530.78397
2015-06-29,15840.18299
2015-06-30,16519.534
2015-07-01,20600.820955
2015-07-02,20570.16109
2015-07-03,27455.556062
2015-07-04,23758.068105
2015-07-05,23139.65203
2015-07-06,18030.295998
2015-07-07,16314.074988
2015-07-08,17610.232886
2015-07-09,17641.892095
2015-07-10,23649.561048
2015-07-11,19523.563054000002
2015-07-12,19497.753925
2015-07-13,16666.838057
2015-07-14,15271.321975
2015-07-15,15933.18502
2015-07-16,17342.60005
2015-07-17,24781.04099
2015-07-18,19108.236024
2015-07-19,21284.265952
2015-07-20,17648.191992
2015-07-21,15347.755986
2015-07-22,14937.954015
2015-07-23,16429.50006
2015-07-24,24199.39496
2015-07-25,18875.16103
2015-07-26,19570.71005
2015-07-27,16985.964966
2015-07-28,15803.05903
2015-07-29,15101.05105
2015-07-30,16687.76595
2015-07-31,25138.047975
2015-08-01,23571.360966
2015-08-02,23137.239990000002
2015-08-03,18847.147906
2015-08-04,17690.184106
2015-08-05,17532.612018
2015-08-06,17012.683052
2015-08-07,25385.48101
2015-08-08,18293.946886
2015-08-09,17309.490005
2015-08-10,18538.482002
2015-08-11,16210.370974
2015-08-12,15916.98001
2015-08-13,16403.653968
2015-08-14,23600.634989
2015-08-15,20403.94099
2015-08-16,20616.15998
2015-08-17,16725.028985
2015-08-18,15377.124025
2015-08-19,15654.345964
2015-08-20,17214.16203
2015-08-21,23531.50499
2015-08-22,18483.150956
2015-08-23,19014.719168
2015-08-24,17020.030026
2015-08-25,15513.004
2015-08-26,15134.82605
2015-08-27,16323.42707
2015-08-28,22939.619878
2015-08-29,19757.048994
2015-08-30,19947.289046
2015-08-31,18108.492992
2015-09-01,20678.158050000002
2015-09-02,19135.679024
2015-09-03,19354.37703
2015-09-04,26224.456972
2015-09-05,21809.554985
2015-09-06,23254.757016
2015-09-07,16917.671018
2015-09-08,15464.851014
2015-09-09,15096.248015000001
2015-09-10,16667.455024
2015-09-11,23018.209903
2015-09-12,19844.120993
2015-09-13,21356.06096
2015-09-14,15366.749025000001
2015-09-15,16414.771986
2015-09-16,16619.145015000002
2015-09-17,17803.39402
2015-09-18,23736.153005
2015-09-19,21305.95504
2015-09-20,21770.46501
2015-09-21,16537.39698
2015-09-22,15108.01293
2015-09-23,15167.067986
2015-09-24,15915.74603
2015-09-25,22303.729042
2015-09-26,19859.494
2015-09-27,20830.30105
2015-09-28,15597.361996
2015-09-29,14585.723038
2015-09-30,14968.567
2015-10-01,20926.81894
2015-10-02,26684.364007
2015-10-03,23926.06697
2015-10-04,24172.015954
2015-10-05,16858.403968
2015-10-06,16019.246984
2015-10-07,16084.982005
2015-10-08,17691.189058
2015-10-09,25954.186034
2015-10-10,19216.524995
2015-10-11,19008.917019
2015-10-12,16780.65502
2015-10-13,14302.539994
2015-10-14,15220.316993
2015-10-15,17508.416126
2015-10-16,24191.613024
2015-10-17,20944.34704
2015-10-18,21124.911955
2015-10-19,15929.063002
2015-10-20,16098.405993
2015-10-21,15148.06305
2015-10-22,16462.195982
2015-10-23,22633.564995
2015-10-24,19961.871967
2015-10-25,21354.95797
2015-10-26,14915.904058
2015-10-27,13482.25599
2015-10-28,12802.58
2015-10-29,14648.205052
2015-10-30,21133.029108
2015-10-31,19602.747989
2015-11-01,17852.717969
2015-11-02,16943.136028
2015-11-03,20619.794956
2015-11-04,17776.97901
2015-11-05,16969.519
2015-11-06,21553.8341
2015-11-07,19364.943973
2015-11-08,21587.464956
2015-11-09,19015.754004
2015-11-10,14164.89499
2015-11-11,14137.033992
2015-11-12,14961.906015999999
2015-11-13,22193.95302
2015-11-14,19181.029962
2015-11-15,20207.610909
2015-11-16,16303.669992
2015-11-17,14036.588016
2015-11-18,14692.73098
2015-11-19,15367.940023
2015-11-20,23186.639152
2015-11-21,18334.275061
2015-11-22,20546.96499
2015-11-23,15602.654864
2015-11-24,14132.341013
2015-11-25,13886.529034
2015-11-26,15215.345978
2015-11-27,22025.634003
2015-11-28,18323.18699
2015-11-29,21435.642988
2015-11-30,16288.211985
2015-12-01,18213.509976
2015-12-02,17665.50599
2015-12-03,17487.64902
2015-12-04,24156.099041999998
2015-12-05,20677.696025
2015-12-06,22920.683136
2015-12-07,17376.26795
2015-12-08,15077.460975
2015-12-09,16079.217023
2015-12-10,15915.868021
2015-12-11,23043.640884
2015-12-12,18663.11
2015-12-13,20067.43798
2015-12-14,16461.941978
2015-12-15,16037.750065
2015-12-16,16681.215006
2015-12-17,17078.992935
2015-12-18,24447.971015
2015-12-19,19533.553971999998
2015-12-20,21477.486989
2015-12-21,19533.64395
2015-12-22,19931.69318
2015-12-23,19225.564997
2015-12-24,18339.289
2015-12-26,19635.550985
2015-12-27,17337.202035
2015-12-28,17337.04795
2015-12-29,18735.067998
2015-12-30,20491.449996
2015-12-31,17751.823005
2016-01-01,397.749
2016-01-02,22850.042968
2016-01-03,24417.722
2016-01-04,19750.153001
2016-01-05,18885.02102
2016-01-06,18418.002985
2016-01-07,18593.697994
2016-01-08,26671.58117
2016-01-09,21369.003981
2016-01-10,23137.835962
2016-01-11,16731.37498
2016-01-12,17047.445024
2016-01-13,15277.04502
2016-01-14,17434.075996
2016-01-15,25854.497003
2016-01-16,21513.404044
2016-01-17,22316.445004
2016-01-18,16564.766965
2016-01-19,15086.372039
2016-01-20,16549.06896
2016-01-21,16612.17005
2016-01-22,23336.503024
2016-01-23,20282.671972
2016-01-24,21710.603968
2016-01-25,16395.862985
2016-01-26,15037.43798
2016-01-27,15119.606026
2016-01-28,16037.147995
2016-01-29,22650.420028
2016-01-30,21217.34404
2016-01-31,23832.117158
2016-02-01,20178.726996
2016-02-02,18976.31496
2016-02-03,16933.094004
2016-02-04,24358.415966
2016-02-05,25275.032973999998
2016-02-06,20700.797956
2016-02-07,16470.45199
2016-02-08,15403.007998000001
2016-02-09,16837.46698
2016-02-10,16838.617947
2016-02-11,16426.770974
2016-02-12,23527.205860000002
2016-02-13,18523.593924
2016-02-14,19917.383
2016-02-15,16338.244037
2016-02-16,16766.59301
2016-02-17,16211.78198
2016-02-18,16680.09803
2016-02-19,23728.281098
2016-02-20,19291.811046
2016-02-21,21110.18695
2016-02-22,16564.045045
2016-02-23,15540.375002
2016-02-24,15491.274976
2016-02-25,16770.550002
2016-02-26,22083.081986
2016-02-27,20001.23998
2016-02-28,21204.572024
2016-02-29,16805.438955
2016-03-01,20690.978008
2016-03-02,19205.905036
2016-03-03,19170.72398
2016-03-04,26192.21895
2016-03-05,22894.28802
2016-03-06,23491.565064
2016-03-07,17239.74303
2016-03-08,15178.11393
2016-03-09,15009.568012
2016-03-10,16455.27603
2016-03-11,22672.464896
2016-03-12,19796.42998
2016-03-13,20225.646044
2016-03-14,15606.02999
2016-03-15,15616.199993
2016-03-16,16178.185916
2016-03-17,16287.629013
2016-03-18,21597.437131
2016-03-19,19002.529094
2016-03-20,19041.136005
2016-03-21,15114.358904
2016-03-22,12536.833014
2016-03-23,12344.103005
2016-03-24,12822.967018
2016-03-25,13820.620016
2016-03-26,17433.532974
2016-03-27,17321.006991000002
2016-03-28,15425.510992
2016-03-29,14402.55504
2016-03-30,13991.31201
2016-03-31,16689.481974
2016-04-01,27827.79607
2016-04-02,24093.991881
2016-04-03,25268.064016
2016-04-04,16227.90704
2016-04-05,16197.025959999999
2016-04-06,17022.770950000002
2016-04-07,17396.705018
2016-04-08,25668.805978
2016-04-09,20319.93702
2016-04-10,21731.682019
2016-04-11,14984.54502
2016-04-12,15097.563038
2016-04-13,14406.589005
2016-04-14,16073.484
2016-04-15,23142.156877
2016-04-16,19142.916
2016-04-17,21135.105998
2016-04-18,18383.5390209
2016-04-19,17036.89297
2016-04-20,17582.46505
2016-04-21,16281.04796
2016-04-22,23642.46604
2016-04-23,21401.712937
2016-04-24,21198.511019999998
2016-04-25,15881.51101
2016-04-26,14866.414936
2016-04-27,14246.34201
2016-04-28,15231.642023
2016-04-29,29857.61191
2016-04-30,22315.244036
2016-05-01,26215.072032
2016-05-02,18499.65502
2016-05-03,18476.564
2016-05-04,17202.02402
2016-05-05,18500.597036
2016-05-06,32640.857018000002
2016-05-07,23590.428001
2016-05-08,16968.562006
2016-05-09,16805.80701
2016-05-10,15784.735999999999
2016-05-11,15155.692004
2016-05-12,16662.38508
2016-05-13,23245.072975
2016-05-14,19702.283083
2016-05-15,20925.75803
2016-05-16,16610.78499
2016-05-17,15459.39502
2016-05-18,14941.92602
2016-05-19,16394.744
2016-05-20,24227.718996
2016-05-21,19897.077004
2016-05-22,20561.45399
2016-05-23,15551.168946
2016-05-24,14648.582
2016-05-25,13827.276015
2016-05-26,17013.139978
2016-05-27,26373.875902
2016-05-28,17990.145
2016-05-29,18583.397018
2016-05-30,15855.25201
2016-05-31,23221.301019
2016-06-01,16747.787972
2016-06-02,19411.02086
2016-06-03,26673.98706
2016-06-04,22248.150016
2016-06-05,23283.55812
2016-06-06,16393.211924
2016-06-07,16584.536999
2016-06-08,15681.224979999999
2016-06-09,16065.040045
2016-06-10,23619.321867
2016-06-11,18235.573029
2016-06-12,19437.44694
2016-06-13,15027.045985
2016-06-14,15054.71705
2016-06-15,15358.701994
2016-06-16,17468.57601
2016-06-17,25907.785965
2016-06-18,22163.464778
2016-06-19,17436.023004
2016-06-20,16201.16199
2016-06-21,20729.04102
2016-06-22,14647.600979
2016-06-23,16449.37394
2016-06-24,28146.56792
2016-06-25,19412.02097
2016-06-26,20286.434989
2016-06-27,14961.204939
2016-06-28,13909.321978
2016-06-29,14195.085966
2016-06-30,15812.15494
2016-07-01,35206.95195
2016-07-02,22835.46297
2016-07-03,23312.047961
2016-07-04,17091.92893
2016-07-05,16882.343044
2016-07-06,16171.815
2016-07-07,17283.956987
2016-07-08,25884.884188
2016-07-09,19363.045994
2016-07-10,19848.16903
2016-07-11,15914.96296
2016-07-12,15212.931952
2016-07-13,19273.64641
2016-07-14,15600.41102
2016-07-15,25612.18502
2016-07-16,20047.23003
2016-07-17,20166.01398
2016-07-18,16706.379018
2016-07-19,15312.125984
2016-07-20,15481.221056
2016-07-21,16807.645
2016-07-22,25305.287985
2016-07-23,18951.191066
2016-07-24,18936.519985
2016-07-25,16620.46399
2016-07-26,15192.359992
2016-07-27,14338.565943
2016-07-28,21155.749295999998
2016-07-29,25662.483969
2016-07-30,20392.921013
2016-07-31,21131.518006
2016-08-01,20639.35296
2016-08-02,18202.893962000002
2016-08-03,17001.916086
2016-08-04,18147.355944
2016-08-05,31499.771101
2016-08-06,19197.74902
2016-08-07,18505.234109
2016-08-08,15979.42099
2016-08-09,14843.47702
2016-08-10,14183.74899
2016-08-11,17141.628004
2016-08-12,24121.21898
2016-08-13,16510.17803
2016-08-14,15880.233998
2016-08-15,16060.622965
2016-08-16,17287.66202
2016-08-17,21185.749975
2016-08-18,15586.160987
2016-08-19,24747.611994
2016-08-20,18916.759004
2016-08-21,18531.603076
2016-08-22,16102.381974
2016-08-23,15238.955
2016-08-24,15031.830942
2016-08-25,16092.41904
2016-08-26,29165.153996
2016-08-27,17876.89488
2016-08-28,18872.742946
2016-08-29,15581.85103
2016-08-30,14771.829996
2016-08-31,15584.21403
2016-09-01,19958.267985
2016-09-02,29755.319982
2016-09-03,23118.251028
2016-09-04,21303.38595
2016-09-05,16242.851041
2016-09-06,16968.65101
2016-09-07,15887.34499
2016-09-08,17593.22102
2016-09-09,24766.215006
2016-09-10,20747.652018
2016-09-11,19802.344011
2016-09-12,15073.679046
2016-09-13,14194.101085
2016-09-14,13997.314991
2016-09-15,17009.469975
2016-09-16,25864.419121
2016-09-17,20248.667
2016-09-18,21028.632914
2016-09-19,15447.127
2016-09-20,15274.11905
2016-09-21,14634.99699
2016-09-22,15816.640966
2016-09-23,26845.09103
2016-09-24,19921.15
2016-09-25,19476.45393
2016-09-26,14553.04798
2016-09-27,13304.465031
2016-09-28,13819.467045
2016-09-29,15386.30599
2016-09-30,26949.837924
2016-10-01,24851.20704
2016-10-02,24790.801
2016-10-03,17708.51194
2016-10-04,16152.439018
2016-10-05,16077.10698
2016-10-06,16417.72702
2016-10-07,114430.285038
2016-10-08,19757.820026
2016-10-09,21494.825005
2016-10-10,15348.199978
2016-10-11,13980.74497
2016-10-12,14352.371009
2016-10-13,26979.013016
2016-10-14,24570.092094
2016-10-15,19420.829015
2016-10-16,22402.564967
2016-10-17,15929.319061
2016-10-18,14605.689969
2016-10-19,14021.656984
2016-10-20,16526.153989
2016-10-21,25142.938002
2016-10-22,18384.343
2016-10-23,21091.25
2016-10-24,15277.551974
2016-10-25,15425.34298
2016-10-26,13868.928
2016-10-27,15922.219000000001
2016-10-28,24777.704006
2016-10-29,18634.32102
2016-10-30,19167.56005
2016-10-31,14605.924964
2016-11-01,17900.4
2016-11-02,20411.191996
2016-11-03,19860.163085
2016-11-04,25951.227119
2016-11-05,19652.028002
2016-11-06,21984.81914
2016-11-07,17429.857973
2016-11-08,16527.09406
2016-11-09,16351.156005
2016-11-10,16471.39304
2016-11-11,26497.377894
2016-11-12,19738.223036
2016-11-13,23191.469958
2016-11-14,15551.31496
2016-11-15,15918.51203
2016-11-16,16906.487994
2016-11-17,17402.579024
2016-11-18,27534.05929
2016-11-19,19229.974998
2016-11-20,22947.1639
2016-11-21,17318.45497
2016-11-22,16354.853013
2016-11-23,15835.327998
2016-11-24,17162.30504
2016-11-25,29411.102882
2016-11-26,18761.614018
2016-11-27,20688.480015
2016-11-28,15899.386016
2016-11-29,15097.807023
2016-11-30,14968.240972
2016-12-01,21157.97205
2016-12-02,29515.862887
2016-12-03,21766.080028
2016-12-04,24674.030974
2016-12-05,16850.336977
2016-12-06,19829.986034
2016-12-07,15777.386021
2016-12-08,17379.09301
2016-12-09,26208.46299
2016-12-10,17635.323022
2016-12-11,21008.21601
2016-12-12,15633.38597
2016-12-13,14966.973054
2016-12-14,14257.122022
2016-12-15,18623.224911
2016-12-16,28211.720088000002
2016-12-17,18739.30596
2016-12-18,22017.51808
2016-12-19,17719.915
2016-12-20,17819.420018
2016-12-21,18861.972932
2016-12-22,20362.70001
2016-12-23,25604.928987
2016-12-24,17521.645017
2016-12-26,19893.614113
2016-12-27,16959.17905
2016-12-28,18804.291991
2016-12-29,21696.050004
2016-12-30,28871.643034
2016-12-31,17660.828998
2017-01-01,270.711
2017-01-02,26380.205918
2017-01-03,23086.12908
2017-01-04,19932.560025
2017-01-05,19923.0671
2017-01-06,28491.328974
2017-01-07,22093.877
2017-01-08,23980.096002
2017-01-09,16576.09994
2017-01-10,17649.334048
2017-01-11,16630.859025
2017-01-12,17739.783998
2017-01-13,30410.80098
2017-01-14,22952.24203
2017-01-15,24100.74387
2017-01-16,17986.932059
2017-01-17,16725.919
2017-01-18,16301.009003
2017-01-19,17398.84299
2017-01-20,27656.93706
2017-01-21,21729.344004
2017-01-22,22306.132994
2017-01-23,16740.46002
2017-01-24,16224.801968
2017-01-25,15448.55005
2017-01-26,17153.054028
2017-01-27,25584.586998
2017-01-28,20265.839982
2017-01-29,21117.16002
2017-01-30,15113.08697
2017-01-31,16977.066020000002
2017-02-01,20030.00799
2017-02-02,20335.38896
2017-02-03,29413.965035
2017-02-04,23494.46102
2017-02-05,23254.94798
2017-02-06,17127.61501
2017-02-07,16869.889996
2017-02-08,16006.054024
2017-02-09,17764.623012
2017-02-10,26766.664035
2017-02-11,19181.15299
2017-02-12,21479.90093
2017-02-13,16833.219049
2017-02-14,14348.160034
2017-02-15,16202.592997
2017-02-16,17996.46504
2017-02-17,28501.951775999998
2017-02-18,23484.958783
2017-02-19,18286.340946
2017-02-20,16713.589034
2017-02-21,16149.218016
2017-02-22,15541.826044
2017-02-23,18375.67107
2017-02-24,27042.540986
2017-02-25,20458.15196
2017-02-26,16373.340972
2017-02-27,15854.04004
2017-02-28,18762.225004
2017-03-01,19711.98796
2017-03-02,20974.1111
2017-03-03,27352.666171
2017-03-04,22816.76291
2017-03-05,23749.936014
2017-03-06,16088.630976
2017-03-07,16613.435994
2017-03-08,15679.741979999999
2017-03-09,17633.98802
2017-03-10,25986.158973999998
2017-03-11,19745.79903
2017-03-12,22353.726032
2017-03-13,15863.142977
2017-03-14,14856.743034000001
2017-03-15,16384.687065
2017-03-16,19161.146037
2017-03-17,26999.98297
2017-03-18,20593.901006
2017-03-19,22762.547906
2017-03-20,17138.806997
2017-03-21,16646.36607
2017-03-22,15149.979044
2017-03-23,17284.914995
2017-03-24,26466.82577
2017-03-25,21278.505966
2017-03-26,21492.46495
2017-03-27,17306.316018
2017-03-28,15204.166015
2017-03-29,15614.46599
2017-03-30,17442.157982
2017-03-31,28591.46308
2017-04-01,29536.78306
2017-04-02,22178.91594
2017-04-03,16619.247022
2017-04-04,17789.174994
2017-04-05,16430.58296
2017-04-06,17804.269036
2017-04-07,25648.756964
2017-04-08,19780.603953
2017-04-09,20238.984049
2017-04-10,14479.800987999999
2017-04-11,13254.760021
2017-04-12,13084.10496
2017-04-13,14387.033002
2017-04-14,17449.509875
2017-04-15,18071.46692
2017-04-16,18889.307988
2017-04-17,16568.92702
2017-04-18,17674.017045
2017-04-19,16558.622108
2017-04-20,19576.117006
2017-04-21,27428.961878
2017-04-22,19452.173005
2017-04-23,22759.942056
2017-04-24,16091.291941
2017-04-25,15913.451035
2017-04-26,15348.182996
2017-04-27,17701.263982
2017-04-28,27681.03816
2017-04-29,21280.99895
2017-04-30,21525.591018
2017-05-01,24671.77996
2017-05-02,19136.379977
2017-05-03,17877.824031
2017-05-04,19648.523009
2017-05-05,27787.895997
2017-05-06,21055.864978
2017-05-07,23467.17799
2017-05-08,16248.44004
2017-05-09,15823.405934
2017-05-10,15585.425009999999
2017-05-11,17457.581016
2017-05-12,27271.623911
2017-05-13,22778.729046
2017-05-14,17754.16986
2017-05-15,17199.31902
2017-05-16,18416.451986
2017-05-17,17591.024024
2017-05-18,18006.98896
2017-05-19,26858.210006
2017-05-20,21335.10497
2017-05-21,23229.569096
2017-05-22,16188.835077
2017-05-23,15937.554005
2017-05-24,16588.81699
2017-05-25,17646.696966
2017-05-26,30105.769
2017-05-27,19836.08999
2017-05-28,20802.98701
2017-05-29,16965.245934
2017-05-30,15906.142966
2017-05-31,16497.78893
2017-06-01,20881.44099
2017-06-02,32031.362095
2017-06-03,23563.18801
2017-06-04,27245.56599
2017-06-05,18850.609019
2017-06-06,17775.43202
2017-06-07,17154.898979999998
2017-06-08,19140.55
2017-06-09,28515.327082
2017-06-10,20474.922035
2017-06-11,24034.652916
2017-06-12,15929.697015
2017-06-13,15567.988998
2017-06-14,15846.096997999999
2017-06-15,19968.20994
2017-06-16,31186.584979
2017-06-17,24022.969999
2017-06-18,19848.552021
2017-06-19,16422.54503
2017-06-20,18507.611008
2017-06-21,16534.59896
2017-06-22,18189.96098
2017-06-23,28814.422018
2017-06-24,20764.863976
2017-06-25,22326.528894
2017-06-26,16648.06904
2017-06-27,15391.94697
2017-06-28,15763.994026
2017-06-29,18033.714
2017-06-30,29744.527186
2017-07-01,26056.432025000002
2017-07-02,27089.56595
2017-07-03,19070.98897
2017-07-04,17678.678976
2017-07-05,19235.916093
2017-07-06,19707.792972
2017-07-07,28892.8161
2017-07-08,20379.455023
2017-07-09,22313.398914
2017-07-10,16261.260992
2017-07-11,16907.24601
2017-07-12,16141.286948
2017-07-13,18059.27095
2017-07-14,27462.45407
2017-07-15,20325.562036
2017-07-16,21527.66206
2017-07-17,18332.05697
2017-07-18,16981.936986
2017-07-19,16778.897024
2017-07-20,18586.33799
2017-07-21,29939.54318
2017-07-22,20568.153023
2017-07-23,22392.76494
2017-07-24,18858.202036
2017-07-25,16672.487934
2017-07-26,16620.173053
2017-07-27,18518.570956
2017-07-28,27798.671016
2017-07-29,20238.47985
2017-07-30,21829.517
2017-07-31,18101.85908
2017-08-01,21091.8681
2017-08-02,20151.530048
2017-08-03,20418.489996
2017-08-04,29885.10598
2017-08-05,21418.266
2017-08-06,22116.61919
2017-08-07,17640.57002
2017-08-08,15925.54206
2017-08-09,16879.122994
2017-08-10,19184.93903
2017-08-11,26944.09201
2017-08-12,17775.650112
2017-08-13,18633.015039
2017-08-14,16975.68604
2017-08-15,17928.170944
